,stop_name,stop_lon,stop_lat
0,Abbesses (METRO 12),2.3379497756920697,48.88459420710706
1,Ablon (RER C),2.4195650243879325,48.7255353039401
2,Achères Grand Cormier (RER A),2.093521901580612,48.95540224361052
3,Achères Ville (RER A TRAIN L),2.077731764565598,48.97066504740207
4,Adrienne Bolland (TRAM 3b),2.4086200551769896,48.87209702901093
5,Aimé Césaire (METRO 12),2.377741481106109,48.90808243689956
6,Alcide d'Orbigny (TRAM 5),2.363302264997833,48.96562485708989
7,Alexandra David-Néel / Porte de Saint-Mandé (TRAM 3a),2.4101095555973178,48.84370073907134
8,Alexandre Dumas (METRO 2),2.394675654792046,48.85622809033533
9,Allée Royale (TRAM 13),2.078833468689223,48.81564572800231
10,Allée de la Tour-Rendez-vous (TRAM 4),2.506408247006797,48.89714381846158
11,Alma - Marceau (METRO 9),2.3009910034955845,48.86476684405098
12,Alésia (METRO 4),2.3271646496078238,48.828188475392636
13,Anatole France (METRO 3),2.2850095013824143,48.89208278504593
14,Andrésy (TRAIN J),2.0486730603847483,48.97459610190932
15,Angerville (GL),2.0035250000979894,48.311296273829875
16,Angélique Compoint - Porte de Montmartre (TRAM 3b),2.338230427133584,48.89783032537774
17,Antony (ORLYVAL RER B),2.3009868557349513,48.75494652461008
18,Anvers (METRO 2),2.3446670737483,48.88297276690652
19,Arboretum (TRAM 4),2.5617143040426065,48.89792357203605
20,Arcueil - Cachan (RER B),2.328136923064751,48.79889249915973
21,Argenteuil (TRAIN J),2.2578974840274197,48.9467969411594
22,Argentine (METRO 1),2.2901275088247006,48.87533684119576
23,Arpajon (RER C),2.2410700809029738,48.58600788987864
24,Arts et Métiers (METRO 11 METRO 3),2.356733312984347,48.86545459416773
25,Asnières - Gennevilliers Les Courtilles (TRAM 1 METRO 13),2.2839485027996598,48.9304856073405
26,Asnières-sur-Seine (TRAIN J TRAIN L),2.2831101831611704,48.90589990185368
27,Assemblée Nationale / Lille - Université (METRO 12),2.3209981919540845,48.86078696260591
28,Athis-Mons (RER C),2.4036331049084922,48.71262898655513
29,Auber (RER A),2.329927170608276,48.8721574939563
30,Aubergenville Élisabethville (TRAIN J),1.8483488082825013,48.97214167598727
31,Aubervilliers Pantin Quatre Chemins (METRO 7),2.3922212225351167,48.90378388013124
32,Auguste Delaune (TRAM 1),2.4605234036744186,48.90670062988022
33,Auguste Perret / Cimetière Parisien de Thiais (TRAM 7),2.3677905357348097,48.76337515206145
34,Aulnay-sous-Bois (RER B TRAM 4 TRAIN K),2.496047600213122,48.93211703184306
35,Auneau (GL),1.7795837097232066,48.445253703679896
36,Auvers-sur-Oise (TRAIN H),2.1753042099461597,49.0704623625224
37,Avenue Foch (RER C),2.2748081536422333,48.86983048807552
38,Avenue Henri Martin (RER C),2.2721593819194146,48.86546235616314
39,Avenue de France (TRAM 3a),2.3811655878010223,48.82557023397762
40,Avenue du Président Kennedy Maison de Radio France (RER C),2.279487064962566,48.85364805624812
41,Avenue Émile Zola (METRO 10),2.2950191304763625,48.84699703041569
42,Aéroport CDG - Terminal 2 (TGV) (RER B CDGVAL),2.5709421649802278,49.004706542230295
43,Aéroport CDG 1 (Terminal 3) (RER B CDGVAL),2.5608957695634915,49.00987915822429
44,Aéroport Orly 1-2-3 (Terminal Ouest) (ORLYVAL),2.360013412858125,48.72964735492885
45,Aéroport Orly 4 (Terminal Sud) (ORLYVAL TRAM 7),2.3690886780648572,48.729287352981686
46,Bagneaux-sur-Loing (TRAIN R),2.7039360529619154,48.22954993653397
47,Bagneux (RER B),2.322201633670121,48.79333629531526
48,Bagneux - Lucie Aubrac (METRO 4),2.3173602968975313,48.80348971800446
49,Bailly (TRAM 13),2.0744435747033823,48.837052611124356
50,Balard (TRAM 3a METRO 8),2.2782247190885085,48.836209139946725
51,Ballancourt (RER D),2.3705184977367075,48.53150198556537
52,Barbara (METRO 4),2.3174491879233723,48.80970399661239
53,Barbès Rochechouart (METRO 2 METRO 4),2.3501439159537623,48.883611014543106
54,Baron Leroy (TRAM 3a),2.3934496983063673,48.83038858967195
55,Basilique de Saint-Denis (TRAM 1 METRO 13),2.360079394320156,48.937417059597266
56,Bastille (METRO 5 METRO 8 METRO 1),2.368974908391495,48.85296180587604
57,Baudelaire (TRAM 5),2.356729741525478,48.94212545418621
58,Beauvais (GL),2.0885069725465346,49.426201591363856
59,Beethoven - Concorde (TRAM 9),2.381510971736228,48.798822652048656
60,Bel-Air (METRO 6),2.4009185367798023,48.84133824821127
61,Belleville (METRO 11 METRO 2),2.376662202899331,48.87206595087385
62,Bellevue (TRAIN N),2.2298080037295143,48.818947800016836
63,Belloy - Saint-Martin (TRAIN H),2.361270555241057,49.09840026155663
64,Belvédère (TRAM 2),2.225959095144879,48.87600129058073
65,Bessancourt (TRAIN H),2.21024652105706,49.035311307600814
66,Beynes (TRAIN N),1.8755955903020676,48.859998729517955
67,Bibliothèque François Mitterrand Emile Durkheim (METRO 14 RER C),2.3771816107974386,48.829393654398835
68,Billancourt (METRO 9),2.2374367869806067,48.8317379634496
69,Bir-Hakeim (METRO 6),2.289334532778807,48.85394260529295
70,Bièvres (RER C),2.21586085735165,48.75102327419874
71,Blanche (METRO 2),2.333379672422159,48.88355628924793
72,Blumenthal (TRAM 8),2.339180923415564,48.94780764867852
73,Bobigny - Pantin - Raymond Queneau (METRO 5),2.4253268901662555,48.89545467213198
74,Bobigny Pablo Picasso (METRO 5 TRAM 1),2.4495980353963533,48.906455388947535
75,Boigneville (RER D),2.3788154433118907,48.341663543697
76,Bois-Colombes (TRAIN J),2.271598750389754,48.91424647337489
77,Bois-le-Roi (TRAIN R),2.6920332598664,48.475523071455044
78,Boissise-le-Roi (RER D),2.572073662735743,48.529746917655004
79,Boissière (METRO 6),2.2900588335804875,48.86698310852867
80,Boissy-Saint-Léger (RER A),2.5045598383428365,48.75218571986767
81,Boissy-l'Aillerie (TRAIN J),2.0249529313753873,49.07584288390109
82,Bolivar (METRO 7bis),2.3744959662604246,48.88066746253543
83,Bondy (TRAM 4 RER E),2.4811194188340346,48.89387883525656
84,Bonne Nouvelle (METRO 9 METRO 8),2.3484911310789887,48.87059047709034
85,Bonneval (GL),1.3862450209435095,48.18643720866052
86,Bonnières (TRAIN J),1.5815321023350186,49.038762043832925
87,Boran-sur-Oise (TRAIN H),2.362303528565357,49.16677503888786
88,Botzaris (METRO 7bis),2.3885668704791967,48.87949310701282
89,Boucicaut (METRO 8),2.287945766487378,48.841094056328046
90,Bouffémont - Moisselles (TRAIN H),2.3229178462271087,49.04516945935585
91,Bougival (TRAIN L),2.1321324452511017,48.85425170257195
92,Boulainvilliers (RER C),2.2747933246088805,48.85697199492771
93,Boulogne Jean Jaurès (METRO 10),2.2388873271530727,48.84200534636872
94,Boulogne Pont de Saint-Cloud / Rhin et Danube (METRO 10),2.2285369814916316,48.84074501520533
95,Bouray (RER C),2.290082513840396,48.532890102323265
96,Bourg-la-Reine (RER B),2.312307716888594,48.78031379547602
97,Bourron-Marlotte - Grez (TRAIN R),2.692480190584067,48.332683643788776
98,Bourse (METRO 3),2.3413760511435733,48.86865415091546
99,Boussy-Saint-Antoine (RER D),2.5331306565710374,48.681016615421555
100,Boutigny (RER D),2.376672818506991,48.43449061194127
101,Brancion (TRAM 3a),2.3008019515606515,48.82868555054401
102,Bretagne (TRAM 7),2.3680430008907924,48.76818987495329
103,Breuillet - Bruyères-le-Châtel (RER C),2.192063068770896,48.57750848851044
104,Breuillet Village (RER C),2.1703772591600425,48.564328905847155
105,Brimborion (TRAM 2),2.23132315987378,48.822309932015976
106,Brochant (METRO 13),2.320174757151551,48.89058718569108
107,Brunoy (RER D),2.5066769825470883,48.699106946033055
108,Bruyères-sur-Oise (TRAIN H),2.3248275129679965,49.15512735961309
109,Bry-sur-Marne (RER A),2.5256159084395464,48.8451930957432
110,Bréguet-Sabin (METRO 5),2.370209339755372,48.85614071023419
111,Brétigny (RER C),2.302059691582639,48.60674494802678
112,Bréval (GL),1.541774931662616,48.94345963196503
113,Bueil (GL),1.4434127390456772,48.92530879619194
114,Buno - Gironville (RER D),2.387209797198101,48.3713832913812
115,Bures-sur-Yvette (RER B),2.164378242774172,48.69625274689327
116,Bussy-Saint-Georges (RER A),2.708981742262278,48.83653643202438
117,Butte Pinson (Parc Régional) (TRAM 5),2.3660669758363624,48.97359937511041
118,Butte du Chapeau Rouge (TRAM 3b),2.396751288803897,48.88501678827276
119,Buttes Chaumont (METRO 7bis),2.3816145119289653,48.87851411310307
120,Buzenval / Avron (METRO 2 METRO 9),2.399962299671146,48.851940263220435
121,Bécon les Bruyères (TRAIN L),2.2699647791945137,48.90576265618636
122,Bérault (METRO 1),2.429205166348,48.84547070666273
123,Cadet (METRO 7),2.3445724820893283,48.8760085928912
124,Cambronne (METRO 6),2.3029682978173143,48.84750708107597
125,Camille Groult (TRAM 9),2.3919914554961133,48.78567213418671
126,Camp des Loges (TRAM 13),2.0816759384228316,48.91391884984584
127,Campo Formio (METRO 5),2.3585662563494667,48.83515253481994
128,Canal Saint-Denis (TRAM 3b),2.380537035488634,48.898733989732214
129,Cardinal Lemoine (METRO 10),2.3516232550160123,48.84665685032183
130,Carle - Darthé (TRAM 9),2.408875606162367,48.75920002855165
131,Caroline Aigle (Orlyfret) (TRAM 7),2.369907789255685,48.73860387113737
132,Carrefour Pleyel (METRO 13),2.3426080144231554,48.9190075542966
133,Censier Daubenton (METRO 7),2.3516064753021904,48.8402338354079
134,Centre de Châtillon (TRAM 6),2.289057253599707,48.80420493738209
135,Cergy Préfecture (RER A TRAIN L),2.0795349399973735,49.03646397980497
136,Cergy Saint-Christophe (RER A TRAIN L),2.0342944618526624,49.04964700433599
137,Cergy le Haut (TRAIN L RER A),2.0109997600036325,49.047876202448634
138,Cernay (TRAIN H RER C),2.2574741572503108,48.98500470033862
139,Cesson (RER D),2.594551816007613,48.564949494749506
140,Chamarande (RER C),2.21551781194949,48.51424587437883
141,Champ de Courses d'Enghien (TRAIN H),2.2921687025986754,48.97951661736317
142,Champ de Mars Tour Eiffel (RER C),2.2898035182585006,48.856457210620924
143,Champagne-sur-Oise (TRAIN H),2.2426777767781676,49.136000563670855
144,Champagne-sur-Seine (TRAIN R),2.7989224425509676,48.40728299316673
145,Champbenoist Poigny (TRAIN P),3.2866795280983006,48.545296264937406
146,Champigny (RER A),2.510307237115641,48.80698507072532
147,Champigny-sur-Yonne (GL),3.130420763098966,48.32402397967573
148,Champs-Élysées Clemenceau (METRO 1 METRO 13),2.313719840214178,48.86775374413852
149,Changis - Saint-Jean (TRAIN P),3.026111294286066,48.95916406214211
150,Chanteloup-les-Vignes (TRAIN J),2.0275187756771844,48.970366933028934
151,Chantilly - Gouvieux (RER D),2.4595491188444525,49.18708720427586
152,Chaponval (TRAIN H),2.141696932779958,49.06931413457833
153,Chardon Lagache (METRO 10),2.266441541719401,48.84520470266033
154,Charenton - Écoles (METRO 8),2.4131329383427076,48.8218979385137
155,Charlebourg (TRAM 2),2.2383093022906757,48.90766458302349
156,Charles Michels (METRO 10),2.285999222059007,48.84653463581035
157,Charles-de-Gaulle Étoile (METRO 6 METRO 2 RER A METRO 1),2.2955098994151797,48.87472829854299
158,Charonne (METRO 9),2.3846997601328432,48.85509449355617
159,Chars (TRAIN J),1.9369286357858269,49.162670579854954
160,Chartres (GL),1.4801967914482197,48.448061614235385
161,Chartrettes (TRAIN R),2.6950373151676703,48.48707639432654
162,Chaumont-en-Vexin (TRAIN J),1.873097212586157,49.261198496051186
163,Chaussée d'Antin - La Fayette (METRO 7 METRO 9),2.3342014869527405,48.87302861027446
164,Chaville - Vélizy (RER C),2.1836841098542354,48.799728824423035
165,Chaville Rive Droite (TRAIN L),2.1882598600002936,48.812571716256755
166,Chaville Rive Gauche (TRAIN N),2.1892781185588652,48.80519566822147
167,Chelles - Gournay (RER E TRAIN P),2.583331158055108,48.87414408209379
168,Chemin Vert (METRO 8),2.3681841149506995,48.85710325723393
169,Chemin d'Antony (RER C),2.3127110135157984,48.7479419009659
170,Chemin des Reniers (TRAM 1),2.3214951981707097,48.934608566743
171,Chevaleret (METRO 6),2.36812633041321,48.83494772233368
172,Chilly-Mazarin (RER C),2.3069926058508763,48.700883318125356
173,Choisy-le-Roi (RER C),2.4113867249361034,48.76378680863069
174,Christophe Colomb (TRAM 9),2.4169487556092775,48.75210595275696
175,Château Landon (METRO 7),2.3619653022299603,48.87844429947368
176,Château Rouge (METRO 4),2.349559430194618,48.88671096712059
177,Château d'Eau / Mairie du 10e (METRO 4),2.3561539474503395,48.87262083900738
178,Château de Vincennes (METRO 1),2.4404399780572463,48.84445639364827
179,Château-Thierry (TRAIN P),3.409457094674741,49.03791491565059
180,Châteaudun (GL),1.3384347632040494,48.07340700918539
181,Châteaudun - Barbès (TRAM 9),2.368339634703194,48.815568954563055
182,Châtelet (METRO 11 METRO 1 METRO 4 METRO 14 METRO 7),2.3470467143839446,48.8586339570009
183,Châtelet les Halles (RER A RER D RER B),2.3470126872387564,48.861822271877315
184,Châtillon Montrouge (METRO 13 TRAM 6),2.3010180149552806,48.81067378971682
185,Châtou - Croissy (RER A),2.155903471896522,48.88521121728771
186,Chézy-sur-Marne (TRAIN P),3.3643798935358085,48.991889159336786
187,Cimetière Parisien d'Ivry (TRAM 9),2.3706612489603813,48.81262937520647
188,Cimetière de Saint-Denis (TRAM 1),2.363640702197924,48.936389146141046
189,Cité (METRO 4),2.3473213170674256,48.85493637743783
190,Cité universitaire (RER B TRAM 3a),2.338779610827088,48.820719841481846
191,Clamart (TRAIN N),2.2744896721778822,48.814239444580814
192,Clichy - Levallois (TRAIN L),2.2974199481466626,48.89763744699634
193,Clichy - Montfermeil (TRAM 4),2.5550142670142635,48.904573065556605
194,Clichy-sous-Bois - Mairie (TRAM 4),2.5463803994280108,48.90786847867236
195,Clovis / Drancy - Avenir (TRAM 1),2.4176910933379756,48.91778372433478
196,Cluny La Sorbonne (METRO 10),2.344273345421352,48.85105028139347
197,Coeur d'Orly (TRAM 7),2.3714125382197095,48.73369934616961
198,Coignières (TRAIN N),1.921036600039738,48.743483985004275
199,Colette Besson (TRAM 3b),2.3636513821811374,48.89849110063615
200,Colombes (TRAIN J),2.2593457030521495,48.9239186256397
201,Colonel Fabien (METRO 2),2.370811395312745,48.877610186497066
202,Combs-la-Ville - Quincy (RER D),2.547548045814366,48.667901960128674
203,Commerce (METRO 8),2.2939519636487176,48.84479476279097
204,Compans (TRAIN K),2.6650598693073,48.991391401953635
205,Concorde (METRO 1 METRO 12 METRO 8),2.3227339805921097,48.86642376220693
206,Conflans Fin d'Oise (TRAIN L TRAIN J RER A),2.074430982570752,48.99087405085726
207,Conflans Sainte-Honorine (TRAIN J),2.0977739884634667,48.99663008974351
208,Constant Coquelin (TRAM 9),2.39383827034194,48.78300538457716
209,Convention (METRO 12),2.2962313868033886,48.837099427302775
210,Corbeil-Essonnes (RER D),2.4729336504587436,48.61342791267343
211,Corentin Cariou (METRO 7),2.382160158371538,48.89465585741259
212,Corentin Celton (METRO 12),2.2794116820504207,48.82708544797555
213,Cormeilles-en-Parisis (TRAIN J),2.193092468694061,48.96866508214149
214,Corvisart (METRO 6),2.3504148720104636,48.82979051277208
215,Cosmonautes (TRAM 1),2.3782254903979014,48.931734824565524
216,Couilly - Saint-Germain - Quincy (TRAIN P),2.854315926463896,48.88268104574893
217,Coulommiers (TRAIN P),3.0816485260772404,48.80786913915961
218,Cour Saint-Emilion (METRO 14),2.386632402066985,48.833338558330794
219,Courbevoie (TRAIN L),2.2491965080151255,48.89862464805266
220,Courcelle sur Yvette (RER B),2.097975858420524,48.70121771939424
221,Courcelles (METRO 2),2.3040703912187603,48.879329787761506
222,Couronnes (METRO 2),2.380542586000037,48.86909116110492
223,Creil (TRAIN H RER D),2.4689141153510383,49.26394414358555
224,Crimée (METRO 7),2.3770904390888754,48.89090644863742
225,Croix de Chavaux (METRO 9),2.434538451473474,48.85778351366569
226,Crouy-sur-Ourcq (TRAIN P),3.0626904069870564,49.091882995354624
227,Crécy-la-Chapelle (TRAIN P),2.9057369645485345,48.85955731595359
228,Crépy-en-Valois (TRAIN K),2.8873667049758613,49.23101805924463
229,Créteil L'Échat (METRO 8),2.4494128051458075,48.79668213407592
230,Créteil Pompadour (RER D),2.4353063397063224,48.77126603720006
231,Créteil Préfecture (METRO 8),2.4593631290764044,48.780002827987595
232,Créteil Université (METRO 8),2.4505115282905905,48.789920465968464
233,César (TRAM 8),2.3425218260403136,48.94958134419662
234,Dammartin - Juilly - Saint-Mard (TRAIN K),2.6992222536256385,49.03227910999418
235,Danton (TRAM 1),2.4066227523546937,48.92271118743235
236,Danube (METRO 7bis),2.3940123983593637,48.881816107266076
237,Daumesnil (METRO 6 METRO 8),2.395943087944513,48.83949753605324
238,Delaunay - Belleville (TRAM 8),2.3473129251675133,48.94555553830722
239,Delphine Seyrig (TRAM 3b),2.3977388506469794,48.893880281609206
240,Denfert Rochereau (METRO 4 METRO 6 RER B),2.3325987037652713,48.83360566885113
241,Desnouettes (TRAM 3a),2.284007243303418,48.83435816453199
242,Deuil - Montmagny (TRAIN H),2.338524070645141,48.97605425220996
243,Dewoitine (TRAM 6),2.214433502050177,48.78362462123712
244,Diane Arbus - Porte des Poissonniers (TRAM 3b),2.351712071721624,48.898329103478595
245,Didot (TRAM 3a),2.3133800873660433,48.825920546050554
246,Division Leclerc (TRAM 6),2.272650344658386,48.79446888359199
247,Domaine Chérioux (TRAM 7),2.367405864497286,48.77893639216541
248,Domont (TRAIN H),2.3368296898368275,49.0329720458511
249,Dordives (TRAIN R),2.7627283885437963,48.14721803899384
250,Dourdan (RER C),2.0087718138734374,48.53373283305578
251,Dourdan la Forêt (RER C),1.9959019903628326,48.53562062166312
252,Drancy (RER B),2.4547663827657766,48.932706217778815
253,Dreux (TRAIN N),1.3704666816488706,48.731179692780145
254,Dugny - La Courneuve (TRAM 11),2.411121754896824,48.94393432474906
255,Dugommier (METRO 6),2.389620014061439,48.8390411427931
256,Dupleix (METRO 6),2.2936124371878033,48.850434548092586
257,Duroc (METRO 13 METRO 10),2.316714793894069,48.847020829863006
258,Edgar Quinet (METRO 6),2.3263846107928465,48.8406632283787
259,Ella Fitzgerald (TRAM 3b),2.3949684071677146,48.897429960859256
260,Enghien-les-Bains (TRAIN H),2.3071370320715325,48.972749118838706
261,Epinay - Orgemont (TRAM 8),2.295591694903069,48.955504476198016
262,Epinettes - Pouchet (TRAM 3b),2.3249055851394216,48.897549330878284
263,Epluches (TRAIN H),2.1227359082735706,49.055101759569936
264,Ermont - Eaubonne (RER C TRAIN H TRAIN J),2.271100606542697,48.98051270159048
265,Ermont Halte (TRAIN H),2.2632853539998323,48.990313582981926
266,Esbly (TRAIN P),2.8102482207300614,48.90307291418722
267,Escadrille Normandie - Niémen (TRAM 1),2.4354209929854376,48.91270497437518
268,Esplanade de La Défense (METRO 1),2.2497927690097654,48.88813847669144
269,Essonnes Robinson (RER D),2.4624564927796966,48.605555825457074
270,Europe (METRO 3),2.3222652131305974,48.87877036666682
271,Exelmans (METRO 9),2.259608472752572,48.84241276943786
272,Faidherbe Chaligny (METRO 8),2.384092210055667,48.85017786187885
273,Falguière (METRO 12),2.317852783041332,48.84447014037502
274,Faremoutiers - Pommeuse (TRAIN P),2.9931098934191773,48.80865396401216
275,Faubourg de l'Arche (TRAM 2),2.240079252038272,48.89666439629735
276,Ferrières - Fontenay (TRAIN R),2.7721048119391085,48.09589243547059
277,Filles Du Calvaire (METRO 8),2.3666610933534518,48.86325794403809
278,Fontaine Michalon (RER B),2.295921406897603,48.743016568981936
279,Fontaine-le-Port (TRAIN R),2.7504830973688126,48.48737309367815
280,Fontainebleau - Avon (TRAIN R),2.7266615330816726,48.41637703208496
281,Fontenay-aux-Roses (RER B),2.2929880092589787,48.787566727447015
282,Fontenay-le-Fleury (TRAIN N),2.0405192047036644,48.80724661118069
283,Fontenay-sous-Bois (RER A),2.4635014194875513,48.843794351011944
284,Fort d'Aubervilliers (METRO 7),2.4044090887818643,48.91494975635556
285,Four - Peary (TRAM 9),2.411900230949817,48.75454544301934
286,Fourqueux - Bel Air (TRAM 13),2.069974306780278,48.8947371484561
287,Franconville - Le Plessis-Bouchard (RER C TRAIN H),2.2342763939965375,48.99371347946534
288,Franklin D. Roosevelt (METRO 1 METRO 9),2.3090563254320715,48.86906936358524
289,Freinville Sevran (TRAM 4),2.519119485424034,48.926503936889326
290,Front Populaire (METRO 12),2.365920319400959,48.90656714505958
291,Frépillon (TRAIN H),2.197087678318263,49.04543025331719
292,Funiculaire de Montmartre - Gare basse (FUNICULAIRE MONTMARTRE),2.3426600373363518,48.88468097280708
293,Funiculaire de Montmartre - Gare haute (FUNICULAIRE MONTMARTRE),2.342549653258488,48.88566111178074
294,Félix Faure (METRO 8),2.291912413317875,48.84274677887205
295,Gabriel Péri (METRO 13),2.294685111702555,48.916382309001435
296,Gagny (RER E),2.525434250765843,48.883734280056494
297,Gallieni (METRO 3),2.4166972728476406,48.86533531723949
298,Gambetta (METRO 3 METRO 3bis),2.3978297202646095,48.8650707704588
299,Garancières - La Queue (TRAIN N),1.7645814867402247,48.810475224501005
300,Garches - Marnes-la-Coquette (TRAIN L),2.187110711095019,48.83828254508147
301,Gare Montparnasse (METRO 4 METRO 13 TRAIN N METRO 12 METRO 6),2.322304535619017,48.84262667112582
302,Gare Saint-Lazare (METRO 12 METRO 3 TRAIN L METRO 14 RER E TRAIN J METRO 13),2.3257264793523578,48.87580488029148
303,Gare d'Austerlitz (RER C METRO 10 METRO 5),2.3653999660312945,48.842441635104244
304,Gare de Bercy (GL METRO 6 METRO 14),2.380831121271664,48.839823804741364
305,Gare de Lyon (METRO 14 TRAIN R METRO 1 RER D RER A),2.3736934225320026,48.844405566772004
306,Gare de l'Est (METRO 4 METRO 5 METRO 7 TRAIN P),2.358360700326255,48.87644143413918
307,Gare du Nord (TRAIN K METRO 5 RER E RER D RER B TRAIN H METRO 4),2.3571365065115906,48.88087533874974
308,Gargan (TRAM 4),2.5165098933946153,48.907272586142305
309,Gargenville (TRAIN J),1.8089078287123903,48.98297976228513
310,Garges - Sarcelles (TRAM 5 RER D),2.3906342667874583,48.97695428096921
311,Garibaldi (METRO 13),2.3318308379624098,48.90609404932792
312,Gaston Roulaud (TRAM 1),2.431278002116335,48.91409326258505
313,Gazeran (GL),1.7732488494482237,48.6260363676726
314,Gaîté (METRO 13),2.3224917484622383,48.83863164531629
315,Gennevilliers (TRAM 1 RER C),2.3075164438009605,48.93317300268971
316,Gentilly (RER B),2.340891132444595,48.815229933795415
317,George V (METRO 1),2.3005604512367204,48.87202380947895
318,Georges Brassens (TRAM 3a),2.295661982822294,48.82982637809581
319,Georges Millandy / Clinique (TRAM 6),2.2309835589388727,48.78350097478315
320,Georges Pompidou (TRAM 6),2.237132704968192,48.78490216537739
321,Germaine Tailleferre (TRAM 9),2.3777912306875906,48.80334774756402
322,Gif-sur-Yvette (RER B),2.1365667170583613,48.69819697538077
323,Gilbert Bonnemaison (TRAM 8),2.30787256835423,48.95543742518655
324,Gisors (TRAIN J),1.7849068783257753,49.2853894013306
325,Glacière (METRO 6),2.3435116577497763,48.83112954710577
326,Goncourt (METRO 11),2.3710948397312004,48.86995751178222
327,Goussainville (RER D),2.4621689661352346,49.023161998110595
328,Grand Bourg (RER D),2.4353305301813046,48.64848911166573
329,Grands Boulevards (METRO 8 METRO 9),2.3445610606627296,48.87125654502105
330,Gravigny Balizy (RER C),2.317299785060706,48.68619126623518
331,Gretz-Armainvilliers (RER E),2.727229371429766,48.746452319783515
332,Grigny Centre (RER D),2.39678350341544,48.654849334508775
333,Gros Noyer Saint-Prix (TRAIN H),2.2596556190576194,48.99609884165444
334,Groslay (TRAIN H),2.3534072458696844,48.984315961145434
335,Guillerval (GL),2.059912347637065,48.3745250124542
336,Guy-Môquet (METRO 13),2.327219867919128,48.89220682682637
337,Guynemer (TRAM 5),2.3574615262731298,48.948208126659516
338,Guérard - La Celle-sur-Morin (TRAIN P),2.9537303831019344,48.810775320859456
339,Général De Gaulle / Parc André Malraux (TRAM 6),2.2819513201694486,48.79988738225667
340,Haussmann Saint-Lazare (METRO 3 METRO 9),2.327619245678572,48.87361339723083
341,Henri Farmann (TRAM 2),2.2712415009378297,48.83475000943428
342,Herblay (TRAIN J),2.161906605592158,48.99028999545543
343,Hoche (METRO 5),2.402352143900473,48.89122859228272
344,Honoré De Balzac (TRAM 3b),2.3188044013442384,48.896308469776066
345,Houdan (TRAIN N),1.602701692990599,48.79602536687967
346,Houilles - Carrières-sur-Seine (RER A TRAIN L TRAIN J),2.185353376302864,48.9203793730037
347,Hélène Boucher (Orlytech) (TRAM 7),2.3594678210958517,48.73998742945715
348,Héricy (TRAIN R),2.7607175073524735,48.44267432506247
349,Hôpital Avicenne (TRAM 1),2.4250098942744507,48.91583789196237
350,Hôpital Béclère (TRAM 6),2.2544627619612347,48.78669993493103
351,Hôpital Delafontaine / Joliot Curie (TRAM 1),2.3710831716238596,48.93358640280917
352,Hôpital Intercommunal / Collège Pablo Picasso (TRAM 4),2.5708415546006806,48.900955536627954
353,Hôpital Robert Debré (TRAM 3b),2.401233644855655,48.87945550233731
354,Hôtel de Ville de Bobigny (TRAM 1),2.443992334554138,48.90653655813819
355,Hôtel de Ville de Paris - 4ème Arrondissement (METRO 1 METRO 11),2.351293012200511,48.85746490621543
356,Hôtel de Ville de la Courneuve (TRAM 1),2.3924711193168307,48.92740289073672
357,Igny (RER C),2.2308399305579862,48.74085329923668
358,Inovel Parc Nord (TRAM 6),2.2091292272948757,48.781404319964466
359,Invalides (METRO 8 METRO 13 RER C),2.3137731347293315,48.86109817973091
360,Isles - Armentières - Congis (TRAIN P),3.007953055749719,48.99841539228113
361,Issou - Porcheville (TRAIN J),1.7839734077298488,48.97929224762391
362,Issy (RER C),2.257893897515079,48.81934396168568
363,Issy Val de Seine (TRAM 2 RER C),2.263624107975514,48.83024281609612
364,Ivry-sur-Seine (RER C),2.3916869716625384,48.813989051088555
365,Iéna (METRO 9),2.2941620153942788,48.86479406397939
366,Jacqueline Auriol (TRAM 2),2.233988601425483,48.910802588824716
367,Jacques Bonsergent (METRO 5),2.361400210432777,48.870396388304066
368,Jacques Prévert / Cimetière (TRAM 5),2.3660038891143396,48.97088340331763
369,Jacques-Henri Lartigue (TRAM 2),2.2604815756384626,48.82470768480548
370,Jasmin (METRO 9),2.268176749423331,48.85250409059135
371,Jaurès (METRO 2 METRO 7bis METRO 5),2.3707833823697655,48.88242753103356
372,Javel (METRO 10 RER C),2.2782183341810054,48.846657052274374
373,Jean Moulin (TRAM 3a),2.318829692620226,48.824711017882876
374,Jean Rostand / Lamartine (TRAM 1),2.4543575787773744,48.90781431574877
375,Jean Vilar (TRAM 8),2.343461279526826,48.952726328977114
376,Joigny (GL),3.3933081022992417,47.973721137483345
377,Joinville-le-Pont (RER A),2.4638567953623163,48.82103881414227
378,Joncherolles (TRAM 5),2.358322856150864,48.95557634708741
379,Jourdain (METRO 11),2.389415032035528,48.87511181603521
380,Jouy (GL),1.5575946080058876,48.51004672480634
381,Jouy-en-Josas (RER C),2.163947085881832,48.76477601203191
382,Jules Joffrin (METRO 12),2.3447646117383565,48.89241892202498
383,Jussieu (METRO 10 METRO 7),2.3549841240710787,48.84605089304489
384,Juvisy (RER C RER D),2.383339729126172,48.68966593875237
385,Juziers (TRAIN J),1.8451344435023882,48.99224128036632
386,Kléber (METRO 6),2.2932406499473137,48.871262143540164
387,L'Abbaye (TRAM 4),2.5163333913072856,48.92180470359668
388,L'Etang - Les Sablons (TRAM 13),2.0687099863177365,48.87215410539295
389,L'Ile-Saint-Denis (Mairie) (TRAM 1),2.339571144951487,48.93576726931417
390,L'Isle-Adam - Parmain (TRAIN H),2.210019869292197,49.11478396916487
391,L'Onde - Maison des Arts / Ravel (TRAM 6),2.180493750928926,48.78198667157913
392,L'Étang-la-Ville (TRAIN L),2.0767191026772913,48.868064422326356
393,La Barre Ormesson (TRAIN H),2.3165820711557004,48.966326543921575
394,La Belle Épine (TRAM 7),2.3683674663236243,48.7567010254147
395,La Borne Blanche (RER D),2.507013841603866,49.12620995973848
396,La Briqueterie (TRAM 9),2.3749115993548338,48.80721433193957
397,La Celle-Saint-Cloud (TRAIN L),2.138125058777295,48.84271995343402
398,La Chapelle (METRO 2),2.3603995008087324,48.88439967614453
399,La Courneuve - 8 Mai 1945 (METRO 7 TRAM 1),2.4105986164694255,48.920785968142226
400,La Courneuve - Aubervilliers (RER B),2.386388291064693,48.92435387874027
401,La Courneuve - Six Routes (TRAM 1),2.384758860075984,48.92997102528672
402,La Croix de Berny (RER B),2.3042273475518593,48.76169368948638
403,La Défense (Grande Arche) (TRAIN U RER A METRO 1 TRAIN L TRAM 2),2.237372584596245,48.892074545504705
404,La Ferme (TRAM 1),2.4374878022135906,48.90966636443126
405,La Ferté-Alais (RER D),2.352193814586844,48.48551429890115
406,La Ferté-Milon (TRAIN P),3.1206923972407514,49.17961925675541
407,La Ferté-sous-Jouarre (TRAIN P),3.1249090207473285,48.95081998665664
408,La Fourche (METRO 13),2.325779674806892,48.88718394594505
409,La Frette - Montigny (TRAIN J),2.180342146911748,48.979887166722975
410,La Garenne-Colombes (TRAIN L),2.2396841171276165,48.90963293220531
411,La Grande-Paroisse (TRAIN R),2.8963818990385235,48.378641927359055
412,La Hacquinière (RER B),2.151642038623571,48.69526412118687
413,La Motte Picquet - Grenelle (METRO 6 METRO 10 METRO 8),2.2987270553459367,48.84929736359147
414,La Muette (METRO 9),2.2741546297365587,48.85804605446367
415,La Norville - Saint-Germain-lès-Arpajon (RER C),2.2662138531705556,48.591119198829794
416,La Noue (TRAM 1),2.3269510437797356,48.93499415965736
417,La Plaine Stade de France - Saint-Denis - Aubervilliers (RER B),2.3624707670552128,48.91800820487172
418,La Tour Maubourg (METRO 8),2.310565960946845,48.85772541197265
419,La Varenne - Chennevières (RER A),2.513423298184714,48.79538383469389
420,La Verrière (TRAIN U TRAIN N),1.9430499444004299,48.75518504107107
421,La Villette Saint-Prest (GL),1.524359528946165,48.48258219545371
422,Lacépède (TRAM 8),2.311526308692632,48.95587687396683
423,Lagny - Thorigny (TRAIN P),2.7060141797599284,48.882189135784536
424,Lamarck Caulaincourt (METRO 12),2.338760650528743,48.889674072972696
425,Lamartine (TRAM 7),2.367157833315663,48.78310754952839
426,Laplace (RER B),2.334354309639648,48.80829658771052
427,Lardy (RER C),2.254739702427517,48.52040359014849
428,Laroche - Migennes (GL),3.5128887612894455,47.9608881446465
429,Laumière (METRO 5),2.378716923224645,48.88497056184544
430,Lavilletertre (TRAIN J),1.9206110857457552,49.2022911043343
431,Le Blanc-Mesnil (RER B),2.475674370833512,48.93230541514848
432,Le Bourget (RER B TRAM 11),2.424588266178967,48.93051371513904
433,Le Bras de Fer (RER D),2.451409095593275,48.62333224015094
434,Le Chénay Gagny (RER E),2.552881649780832,48.87715783878202
435,Le Coudray-Montceaux (RER D),2.492713002881577,48.56611781981482
436,Le Guichet (RER B),2.192734884806757,48.705403923864324
437,Le Kremlin - Bicêtre (METRO 7),2.362263387127349,48.810129956353
438,Le Luth (TRAM 1),2.28865600459439,48.931813996015094
439,Le Mée (RER D),2.6255221550663013,48.53877525570637
440,Le Parc de Saint-Maur (RER A),2.4863497487790744,48.805377661240556
441,Le Peletier (METRO 7),2.3405759820437195,48.874971744622414
442,Le Perray (TRAIN N),1.8565920652871295,48.69309659029561
443,Le Plessis Chenet (RER D),2.479469169601778,48.573807792637595
444,Le Plessis-Belleville (TRAIN K),2.7446862074424234,49.096120808902135
445,Le Raincy - Villemomble - Montfermeil (RER E),2.5131575327478117,48.88886574138569
446,Le Stade (TRAIN J),2.260965473528721,48.93190349408248
447,Le Val d'Or (TRAIN L),2.2166014426812333,48.85607083662427
448,Le Vert de Maisons (RER D),2.4322435333606984,48.788466672630776
449,Le Village (TRAM 1),2.2946029893860738,48.93335538130841
450,Le Vésinet - Le Pecq (RER A),2.122117447472966,48.8979734454157
451,Le Vésinet Centre (RER A),2.1346008752287164,48.89008623463312
452,Ledru Rollin (METRO 8),2.3751010337556164,48.851523707513536
453,Les Agnettes (METRO 13),2.286279577529783,48.92310377874536
454,Les Ardoines (RER C),2.4095902349857026,48.782226182609165
455,Les Baconnets (RER B),2.2876674954630736,48.73968104160945
456,Les Boullereaux Champigny (RER E),2.5118555534510074,48.82484856857799
457,Les Béatus (TRAM 8),2.3207554481259183,48.9515983827362
458,Les Cholettes / Albert Camus (TRAM 5),2.372242923708274,48.97749308905476
459,Les Clairières de Verneuil (TRAIN J),1.9554792475346052,48.992613880718636
460,Les Coquetiers (TRAM 4),2.4997571852395075,48.8925997792274
461,Les Coteaux (TRAM 2),2.220603560028727,48.857471407989536
462,Les Essarts-le-Roi (TRAIN N),1.8900045636979848,48.72191596013756
463,Les Fauvelles (TRAM 2),2.2395420349525788,48.902768024633616
464,Les Flanades (TRAM 5),2.3774196746658713,48.97666569143144
465,Les Gobelins (METRO 7),2.352542266262702,48.835930301957994
466,Les Grésillons (RER C),2.313835382457718,48.9208728034359
467,Les Halles (METRO 4),2.3457858600391805,48.86251523405467
468,Les Milons (TRAM 2),2.221232683266963,48.84985048692831
469,Les Mobiles (TRAM 8),2.3288321713539437,48.94993773473648
470,Les Moulineaux (TRAM 2),2.251336154852571,48.82151752158911
471,Les Mureaux (TRAIN J),1.9135305080946599,48.99259195383099
472,Les Noues (RER D),2.478033365115082,49.03318276811087
473,Les Pavillons-sous-Bois (TRAM 4),2.511939934333314,48.902678101863785
474,Les Portes de Saint-Cyr (TRAM 13),2.077227624843006,48.8066169784458
475,Les Sablons (METRO 1),2.2722389406110572,48.881016496570346
476,Les Saules (RER C TRAM 9),2.4169209363336535,48.7460072838285
477,Les Vallées (TRAIN L),2.257326023785208,48.913636862135725
478,Les Yvris Noisy-le-Grand (RER E),2.579837253911679,48.823151854913405
479,Liancourt-Saint-Pierre (TRAIN J),1.9054853050824927,49.220670830802206
480,Liberté (METRO 8),2.405851943981902,48.82662006454262
481,Libération (TRAM 1),2.4386244972276714,48.90693183121361
482,Lieusaint - Moissy (RER D),2.5695835482364613,48.62837555080255
483,Limay (TRAIN J),1.7477861829061605,48.9841727543854
484,Lisière Pereire (TRAM 13),2.0729714565656736,48.90320461453163
485,Livry-sur-Seine (TRAIN R),2.678973982691401,48.510265174346515
486,Lizy-sur-Ourcq (TRAIN P),3.0317584458367777,49.021757267716836
487,Liège (METRO 13),2.3270222008895023,48.87963475973605
488,Lochères (TRAM 5),2.385049192009275,48.978524623371364
489,Lognes (RER A),2.633210913417633,48.83921929903077
490,Longjumeau (RER C),2.294557747854634,48.70223938598225
491,Longueville (TRAIN P),3.2500349825830503,48.5137545900538
492,Louis Blanc (METRO 7bis METRO 7),2.3646861067899643,48.881069340395115
493,Louise Michel (METRO 3),2.2880836330485037,48.888706018854414
494,Lourmel (METRO 8),2.282143378170891,48.8387348579159
495,Louveciennes (TRAIN L),2.1231910959560354,48.861214527682314
496,Louvois (TRAM 6),2.1965058124898547,48.7800871510675
497,Louvre Rivoli (METRO 1),2.3411085916340673,48.8608062903513
498,Louvres (RER D),2.501758065846463,49.0493255999653
499,Lozère (RER B),2.2122623780174924,48.70596898390116
500,Luxembourg (RER B),2.3397628495604756,48.8454341495596
501,Luzarches (TRAIN H),2.4201070328017233,49.11713213054988
502,Lycée Henri Sellier (TRAM 4),2.515061446192154,48.91609650317204
503,Léon Blum (TRAM 4),2.532287442185067,48.908527016910185
504,Mabillon (METRO 10),2.335502051727558,48.85301676699636
505,Madeleine (METRO 12 METRO 8 METRO 14),2.3257294853807906,48.870177811520136
506,Mail de la Plaine (TRAM 6),2.246977649164128,48.783687214304145
507,Maintenon (GL),1.5926685170022563,48.58676705767594
508,Mairie (TRAM 1),2.3343329145357634,48.935605707439215
509,Mairie d'Issy (METRO 12),2.273665557499754,48.82430937017314
510,Mairie d'Ivry (METRO 7),2.3842896009608214,48.8105208033638
511,Mairie de Clichy (METRO 13),2.306010915009083,48.903233677865906
512,Mairie de Montreuil (METRO 9),2.4415218094110314,48.86229941189889
513,Mairie de Montrouge (METRO 4),2.319740313298556,48.8186764089917
514,Mairie de Pierrefitte (TRAM 5),2.360213791734574,48.963502347457016
515,Mairie de Saint-Ouen (METRO 13 METRO 14),2.334294020299737,48.91258349559866
516,Mairie de Vitry-sur-Seine (TRAM 9),2.3882351403366835,48.790428593602186
517,Mairie de Vélizy (TRAM 6),2.1914099192732954,48.78045471060945
518,Mairie des Lilas (METRO 11),2.416479643681515,48.87976125217717
519,Maison Blanche (METRO 7),2.358551348202204,48.822182657635686
520,Maisons-Alfort - Alfortville (RER D),2.4264824084840475,48.80204937940299
521,Maisons-Alfort - Stade (METRO 8),2.43450989592394,48.80914436091449
522,Maisons-Alfort Les Juilliottes (METRO 8),2.4455741010301444,48.80335523612997
523,Maisons-Laffitte (TRAIN L RER A),2.1450174376542583,48.94550297098604
524,Maisse (RER D),2.3934107240666367,48.39364154681916
525,Malakoff - Plateau De Vanves (METRO 13),2.2984641919585345,48.82258370681618
526,Malakoff - Étienne Dolet (METRO 13),2.2970777969729843,48.81530753027931
527,Malesherbes (RER D METRO 3),2.3550930794900315,48.588241842163924
528,Mantes Station (TRAIN J),1.7152109864475453,48.98365450662048
529,Mantes-la-Jolie (TRAIN J TRAIN N),1.7030161341672228,48.98950250711001
530,Maraîchers (METRO 9),2.406089161868773,48.8527251192493
531,Marcadet Poissonniers (METRO 4 METRO 12),2.349721305722907,48.89145227668679
532,Marcel Sembat (METRO 9),2.24357862873933,48.83362878013329
533,Marchezais - Broué (TRAIN N),1.5136372448870379,48.76835208273602
534,Marché de Saint-Denis (TRAM 1 TRAM 5),2.3560898530693484,48.938771178813866
535,Mareil-Marly (TRAM 13),2.079177394694269,48.880991439830055
536,Mareil-sur-Mauldre (TRAIN N),1.8718454136365534,48.89298157565254
537,Mareuil-sur-Ourcq (TRAIN P),3.0756265629474755,49.13547414283081
538,Marie De Miribel (TRAM 3b),2.409685685604103,48.85870400929952
539,Marles-en-Brie (TRAIN P),2.868955830083688,48.73493929557038
540,Marly-le-Roi (TRAIN L),2.0965482527553423,48.87150310273834
541,Marne-la-Vallée Chessy (RER A),2.782226723449037,48.869950134019014
542,Marolles-en-Hurepoix (RER C),2.2909244684897176,48.56559386190041
543,Marx Dormoy (METRO 12),2.3599957663946207,48.89048545382589
544,Maryse Bastié (TRAM 3a),2.377661530695738,48.824354900979124
545,Massy - Palaiseau (RER B RER C),2.259134521568531,48.72554756570781
546,Massy - Verrières (RER B RER C),2.2740024044842477,48.73488814642407
547,Maubert Mutualité (METRO 10),2.3482087741854683,48.850089877131666
548,Maule (TRAIN N),1.8568555169228915,48.90955319882464
549,Maurecourt (TRAIN J),2.059569496216215,48.986638843800144
550,Maurice Audin (TRAM 4),2.539173330939578,48.908416885464824
551,Maurice Lachâtre (TRAM 1),2.41383718095636,48.91917902680516
552,Meaux (TRAIN P),2.8733647999355174,48.95693142565539
553,Melun (TRAIN R RER D),2.654990282141887,48.527243320538695
554,Mennecy (RER D),2.432098533660357,48.5705968577978
555,Meudon (TRAIN N),2.2409192948665346,48.81488431329362
556,Meudon Val Fleury (RER C),2.2408830693356476,48.80749262485921
557,Meudon-la-Forêt (TRAM 6),2.225280295281189,48.783539331844146
558,Meudon-sur-Seine (TRAM 2),2.2385983377921437,48.819174328212256
559,Meulan - Hardricourt (TRAIN J),1.901781979947734,49.005762535908076
560,Michel Bizot (METRO 8),2.402333164555185,48.83711700606785
561,Michel-Ange - Auteuil (METRO 10 METRO 9),2.2641504032169757,48.84791522812941
562,Michel-Ange - Molitor (METRO 9 METRO 10),2.261684308684279,48.845152867963414
563,Mirabeau (METRO 10),2.272763753316159,48.8471310072754
564,Miromesnil (METRO 13 METRO 9),2.3145997891038013,48.87375157668046
565,Mitry - Claye (TRAIN K RER B),2.6424063023101896,48.975858753099914
566,Monceau (METRO 2),2.3087738359558068,48.88032518555328
567,Monnerville (GL),2.0322397733867,48.34841601332668
568,Montargis (TRAIN R),2.7431922431979747,48.00660145679054
569,Montempoivre (TRAM 3a),2.408874539222469,48.83986483090908
570,Montereau (TRAIN R),2.9425234127023705,48.37952610326314
571,Montfort-l'Amaury - Méré (TRAIN N),1.816466794198607,48.80260197998575
572,Montgallet (METRO 8),2.390482133980388,48.84406559638709
573,Montgeron - Crosne (RER D),2.462282244689792,48.70823782766052
574,Montgeroult - Courcelles (TRAIN J),2.0037153730189283,49.08049370610548
575,Montigny - Beauchamp (RER C TRAIN H),2.196502901913035,49.007767718349584
576,Montigny-sur-Loing (TRAIN R),2.738001618532588,48.336481779691454
577,Montreuil (TRAIN L),2.1529930703695093,48.80594060487385
578,Montry - Condé (TRAIN P),2.8264054973040675,48.8908567953933
579,Montsoult - Maffliers (TRAIN H),2.3229204571938253,49.06628869677683
580,Montsouris (TRAM 3a),2.333339832857645,48.82150891647527
581,Moret - Veneux-les-Sablons (TRAIN R),2.7993074292837794,48.37859776700565
582,Mormant (TRAIN P),2.8882528940730747,48.614015240891725
583,Mortcerf (TRAIN P),2.907387270372533,48.78949667595275
584,Moulin Galant (RER D),2.4734903663442247,48.58715390623799
585,Moulin Vert (TRAM 7),2.3678150016299617,48.772074215718376
586,Mouroux (TRAIN P),3.042938266046296,48.81379848120657
587,Mouton Duvernet (METRO 4),2.329705012620184,48.83111265945444
588,Musée MAC VAL (TRAM 9),2.3862066546438614,48.792891568386196
589,Musée d'Orsay (RER C),2.32675977444181,48.8603514331054
590,Musée de Sèvres (TRAM 2),2.22531285326707,48.82901050277354
591,Ménilmontant (METRO 2),2.3835991095736575,48.86644680514624
592,Mériel (TRAIN H),2.2054467255247348,49.077699041897986
593,Méry-sur-Oise (TRAIN H),2.1912447591919113,49.05804781084602
594,NC (CDGVAL CDGVAL CDGVAL),2.5524745545431866,49.01080870766774
595,Nangis (TRAIN P),3.0120121424808306,48.56194784910334
596,Nanterre Préfecture / Esplanade Charles De Gaulle (RER A),2.223212968406662,48.89574531028671
597,Nanterre Université (RER A TRAIN L),2.2134294616183094,48.90116077497693
598,Nanterre Ville (RER A),2.195363986912901,48.895125890413844
599,Nanteuil - Saâcy (TRAIN P),3.2193028141920896,48.97402657955792
600,Nanteuil-le-Haudouin (TRAIN K),2.7944545501073197,49.14288419740457
601,Nation (METRO 1 METRO 6 METRO 2 METRO 9 RER A),2.3955563672882247,48.84812205661013
602,Nationale (METRO 6),2.3628563995190115,48.833216718788975
603,Nemours - Saint-Pierre (TRAIN R),2.6856470899397507,48.267758109012505
604,Neuilly-Plaisance (RER A),2.51431243843344,48.85290746188393
605,Neuville Université (RER A TRAIN L),2.078306591409993,49.0141336840626
606,Nogent - Le Perreux (RER E),2.494188055346115,48.839341938259416
607,Nogent-L'Artaud - Charly (TRAIN P),3.322797562570164,48.968760792664234
608,Nogent-sur-Marne (RER A),2.471681242571033,48.8342888979753
609,Nointel - Mours (TRAIN H),2.2805153698198457,49.132577701471654
610,Noisiel (RER A),2.6166786246946026,48.84350923852739
611,Noisy - Champs (RER A),2.5800859119743564,48.842884839902744
612,Noisy-le-Grand Mont d'Est (RER A),2.549900487641346,48.840844371238354
613,Noisy-le-Roi (TRAM 13),2.0614519846135204,48.84130814594481
614,Noisy-le-Sec (RER E TRAM 1),2.4593467407677156,48.89628414275284
615,Notre-Dame-de-Lorette (METRO 12),2.3374958445337644,48.87604749508463
616,Notre-Dame-des-Anges (TRAM 4),2.556069026584472,48.90091967973044
617,Notre-Dame-des-Champs (METRO 12),2.32877802689008,48.844942632505116
618,Nézel - Aulnay (TRAIN N),1.8405170296579703,48.93871923901255
619,Oberkampf (METRO 5 METRO 9),2.3679563965491197,48.86499157648748
620,Odéon (METRO 10 METRO 4),2.3401703939998004,48.85211835164377
621,Olympiades (METRO 14),2.3671730244778453,48.82716361697465
622,Opéra (METRO 7 METRO 3 METRO 8),2.3317576077648847,48.87057695611884
623,Orangis Bois de l'Épine (RER D),2.4077962861739053,48.636351366180676
624,Orgerus - Béhoust (TRAIN N),1.7032184254768588,48.82657842714728
625,Orly - Gaston Viens (TRAM 9),2.408318294770455,48.74499563733703
626,Orly Ville (RER C),2.40290860736794,48.741878704757845
627,Ormoy-Villers (TRAIN K),2.8381084780365513,49.20087707818115
628,Orry-la-Ville - Coye (RER D),2.490178985421195,49.13828637435187
629,Orsay Ville (RER B),2.1810544390412185,48.69750566988217
630,Osny (TRAIN J),2.057902989161613,49.06296967767687
631,Ourcq (METRO 5),2.3859131742732758,48.886856930581125
632,Ozoir-la-Ferrière (RER E),2.6902527821957585,48.77077891613872
633,Pablo Néruda (TRAM 8),2.3431092357253793,48.95667184511062
634,Palais Royal - Musée Du Louvre (METRO 1 METRO 7),2.3366874306383383,48.86258885045221
635,Palaiseau (RER B),2.245672514581906,48.71694628666404
636,Palaiseau - Villebon (RER B),2.237314364639455,48.708140582724205
637,Pantin (RER E),2.4003617031591755,48.89811230535968
638,Parc Pierre Lagravère (TRAM 2),2.2248121888783143,48.91751490665862
639,Parc de Saint-Cloud (TRAM 2),2.221851494752013,48.84312439899168
640,Parc de Sceaux (RER B),2.309905064564246,48.76956333276678
641,Parc des Chanteraines (TRAM 1),2.31325707295527,48.93394363055738
642,Parc des Expositions (RER B),2.514360285533493,48.97342490629481
643,Parmentier (METRO 3),2.3745819699964126,48.865253785133525
644,Passy (METRO 6),2.2858124441464076,48.857448689155014
645,Pasteur (METRO 12 METRO 6),2.312630143951444,48.84277404657419
646,Paul Vaillant Couturier (METRO 7),2.368269540049694,48.79648308362958
647,Paul Valéry (TRAM 5),2.3802042543251356,48.97927612534803
648,Paul Éluard / Théâtre Gérard Philipe (TRAM 8),2.345207505927951,48.93968870773788
649,Pavé Blanc (TRAM 6),2.2398320176249893,48.7807309682292
650,Pelleport (METRO 3bis),2.4015617127425424,48.868440162354695
651,Pernety (METRO 13),2.3186164144253834,48.834225881757014
652,Persan - Beaumont (TRAIN H),2.277823190629398,49.147719504678726
653,Petit Jouy Les Loges (RER C),2.1469727415128563,48.771634312791626
654,Petit Noisy (TRAM 1),2.4654604813583543,48.90041730314525
655,Petit Pierrefitte (TRAM 5),2.357983075325655,48.95268018631139
656,Petit Vaux (RER C),2.333249457132579,48.67638132525101
657,Philippe Auguste (METRO 2),2.390860952323608,48.8580622608416
658,Picpus (METRO 6),2.401289019827348,48.845061579024055
659,Pierre et Marie Curie (METRO 7),2.377267201513739,48.815930762135416
660,Pierrefitte - Stains (TRAM 11 RER D),2.369679860937599,48.96194498503377
661,Pierrelaye (TRAIN H RER C),2.154663485640923,49.01913673892181
662,Pigalle (METRO 2 METRO 12),2.337699003974882,48.88223748263755
663,Place Monge (METRO 7),2.3522247281830837,48.84286682976181
664,Place d'Italie - Italie 2 (METRO 6 METRO 7 METRO 5),2.355781951969575,48.83111118045294
665,Place de Clichy (METRO 13 METRO 2),2.327886775238893,48.883902175544215
666,Place de la Logistique (TRAM 7),2.3619521525825644,48.75281135877708
667,Place des Fêtes (METRO 11 METRO 7bis),2.393020028389028,48.87687811774079
668,Plaisance / Vercingétorix (METRO 13),2.3141223234590234,48.831825649564735
669,Plaisir - Grignon (TRAIN N),1.9444017580668456,48.83191618339766
670,Plaisir - Les Clayes (TRAIN N),1.9600265602482685,48.83095952772591
671,Pointe du Lac (METRO 8),2.4642800705433574,48.76881073328507
672,Poissonnière (METRO 7),2.3487755574768467,48.877100184877875
673,Poissy (TRAIN J RER A),2.041072289675926,48.9332654052079
674,Pont Cardinet (METRO 14 TRAIN L),2.314454674412528,48.88889049461926
675,Pont Marie (Cité des Arts) (METRO 7),2.3571625716183373,48.85357547158278
676,Pont Neuf (METRO 7),2.342232759368107,48.85855382544588
677,Pont Petit (TRAIN H),2.131538271631698,49.06115389990573
678,Pont de Bezons (TRAM 2),2.2175897993396414,48.923268254130555
679,Pont de Bondy (TRAM 1),2.469971544978576,48.90470320285962
680,Pont de Levallois (METRO 3),2.280413812210846,48.897154095044165
681,Pont de Neuilly (METRO 1),2.260515079251701,48.8847082004102
682,Pont de Rungis Aéroport d'Orly (RER C),2.3731119407049346,48.74834968144359
683,Pont de Sèvres (METRO 9),2.231028100202621,48.829746119073434
684,Pont de l'Alma (RER C),2.300989969386769,48.86266245077356
685,Pont du Garigliano - Hôpital Européen G. Pompidou (TRAM 3a RER C),2.2708163236105445,48.83858282207402
686,Pont-sur-Yonne (GL),3.2017673450549213,48.2862770087907
687,Ponthierry - Pringy (RER D),2.544348950368586,48.53513976606819
688,Pontoise (RER C TRAIN J TRAIN H),2.0951950672259683,49.046645761720754
689,Porchefontaine (RER C),2.152378660253372,48.79652818025473
690,Port Royal (RER B),2.337096430880091,48.84003378649723
691,Porte Dauphine (METRO 2),2.2770830184157247,48.87146657721511
692,Porte Dorée (METRO 8 TRAM 3a),2.406020178880937,48.8351536822945
693,Porte Maillot (RER C METRO 1),2.2837967310734983,48.87772984406138
694,Porte d'Asnières - Marguerite Long (TRAM 3b),2.3032760496929345,48.8897399501845
695,Porte d'Aubervilliers (TRAM 3b),2.3690369493169237,48.89860117125765
696,Porte d'Auteuil (METRO 10),2.2577446803632033,48.84797154057619
697,Porte d'Issy (TRAM 2),2.281470444083867,48.831696592186134
698,Porte d'Italie (TRAM 3a METRO 7),2.3599174793806412,48.81913743120934
699,Porte d'Ivry (TRAM 3a METRO 7),2.3696720954378536,48.82159267002068
700,Porte d'Orléans (METRO 4 TRAM 3a),2.325542607017315,48.82328163013685
701,Porte de Bagnolet (METRO 3 TRAM 3b),2.4084317511098945,48.864017056749375
702,Porte de Champerret (METRO 3),2.293529966337255,48.88600615058625
703,Porte de Charenton (TRAM 3a METRO 8),2.3993302534415424,48.83236489351077
704,Porte de Choisy (METRO 7 TRAM 3a TRAM 9),2.3645794492903343,48.819697057619756
705,Porte de Clichy (METRO 13 METRO 14 TRAM 3b RER C),2.314099296435817,48.894506447375555
706,Porte de Clignancourt (METRO 4 TRAM 3b),2.3449630991989423,48.897721835697226
707,Porte de L'Essonne (TRAM 7),2.3717471434643644,48.714512724369065
708,Porte de La Chapelle (TRAM 3b METRO 12),2.3589416690706893,48.89781870596452
709,Porte de La Villette (METRO 7 TRAM 3b),2.3860449103911963,48.89740931265956
710,Porte de Montreuil (TRAM 3b METRO 9),2.4113179865914365,48.85338003203849
711,Porte de Pantin (TRAM 3b METRO 5),2.3937327628375176,48.88871256321664
712,Porte de Rungis (TRAM 7),2.3553609890875244,48.752674349952535
713,Porte de Saint-Cloud (METRO 9),2.2571222298326203,48.837961213515456
714,Porte de Saint-Ouen (METRO 13 TRAM 3b),2.329386573631094,48.89752330703604
715,Porte de Thiais (Marché international) (TRAM 7),2.3663980000432177,48.75957353434082
716,Porte de Vanves (METRO 13 TRAM 3a),2.306085298077819,48.82760520060371
717,Porte de Versailles (METRO 12 TRAM 3a TRAM 2),2.287766245506825,48.832332811918626
718,Porte de Vincennes (METRO 1 TRAM 3b TRAM 3a),2.409098964475879,48.84722587473342
719,Porte des Lilas (METRO 3bis TRAM 3b METRO 11),2.4067363284118026,48.876972047765435
720,Poterne des Peupliers (TRAM 3a),2.3509328780645764,48.82087335430542
721,Presles - Courcelles (TRAIN H),2.287915343526005,49.11406195062203
722,Provins (TRAIN P),3.301796476078171,48.55542610364088
723,Pré Saint-Gervais (METRO 7bis),2.3984681722681724,48.88027195610877
724,Précy-sur-Oise (TRAIN H),2.377298552092145,49.20347844128452
725,Puteaux (TRAIN U TRAIN L TRAM 2),2.233751758030531,48.88336750048066
726,Pyramides (METRO 7 METRO 14),2.3343136284169006,48.865822302209544
727,Pyrenées (METRO 11),2.3853162151017924,48.87388185323738
728,Père Lachaise (METRO 2 METRO 3),2.3868592028899025,48.862653480338864
729,Péreire (METRO 3 RER C),2.2985017244304107,48.88546882661272
730,Quai de la Gare (METRO 6),2.372825724542572,48.837045119237075
731,Quai de la Rapée (METRO 5),2.3659101068529793,48.84648464964935
732,Quatre Routes (TRAM 1),2.274336132389304,48.92725060967993
733,Quatre Septembre (METRO 3),2.336232756868916,48.86963799596638
734,Rambouillet (TRAIN N),1.832935470348963,48.644221952536604
735,Rambuteau (METRO 11),2.353495741491146,48.86120498940959
736,Ranelagh (METRO 9),2.2701091389418933,48.85548504948359
737,Raspail (METRO 4 METRO 6),2.3307541920862165,48.838964279789714
738,Remise à Jorelle (TRAM 4),2.487910986261173,48.89309462771165
739,Rennes (METRO 12),2.3277821284985807,48.848457848527886
740,Reuilly Diderot (METRO 8 METRO 1),2.386134478606852,48.84715431523427
741,Richard Lenoir (METRO 5),2.3719139801008375,48.85987362255053
742,Richelieu Drouot (METRO 8 METRO 9),2.3386601202312747,48.87194194568899
743,Riquet (METRO 7),2.3734568878525493,48.887967560829054
744,Ris-Orangis (RER D),2.4152068413300656,48.658975422908846
745,Robert Schuman / Traversière (TRAM 7),2.3528753413357397,48.746568585718514
746,Robert Wagner (TRAM 6),2.178798590270474,48.785121412407186
747,Robespierre (METRO 9),2.4229832161458753,48.85572642771233
748,Robinson (RER B),2.2814305954374614,48.78023729618741
749,Roger Semât (TRAM 5),2.357006356470642,48.94481893175145
750,Roissy-en-Brie (RER E),2.65038766844115,48.795654820491116
751,Romain Rolland (TRAM 4),2.5479213740086846,48.90473884379786
752,Rome (METRO 2),2.3218017310631685,48.88233342278627
753,Rosa Parks (RER E TRAM 3b),2.373601400700906,48.89706696833717
754,Rose Bertin (Centre Commercial l'Ilo) (TRAM 8),2.3154036121121684,48.953168245843855
755,Rosny Bois Perrier (RER E),2.4812134576834284,48.882527923614305
756,Rosny-sous-Bois (RER E),2.4857611406117885,48.8699124182653
757,Rosny-sur-Seine (TRAIN J),1.6301676272984593,48.997391999998705
758,Rougemont Chanteloup (TRAM 4),2.514884565892148,48.93100567005247
759,Rouget de Lisle (TRAM 9),2.405808944037218,48.7639148701563
760,Rue Saint-Maur (METRO 3),2.3797418931775542,48.86428575772448
761,Rue de la Pompe (METRO 9),2.2784416488331494,48.86394012977459
762,Rue des Boulets (METRO 9),2.3896255399759547,48.85216836872941
763,Rue du Bac (METRO 12),2.325815566511529,48.85519632389409
764,Rueil-Malmaison (RER A),2.172579447718415,48.88757361771802
765,Rungis la Fraternelle (RER C TRAM 7),2.3522142897409637,48.74093996974853
766,Réaumur Sébastopol (METRO 4 METRO 3),2.3520941883936937,48.866614948952645
767,République (METRO 3 METRO 11 METRO 5 METRO 8 METRO 9),2.363749874708277,48.867646834634584
768,République - Marx Dormoy (TRAM 4),2.524048525746325,48.906628324924526
769,Saarinen (TRAM 7),2.3543918069383967,48.75021318541866
770,Saint-Ambroise (METRO 9),2.373943508245182,48.86147646280947
771,Saint-Augustin (METRO 9),2.322001788877926,48.8744756757269
772,Saint-Chéron (RER C),2.1249373835377647,48.5509266793814
773,Saint-Cloud (TRAIN U TRAIN L),2.217621080890434,48.84610294772017
774,Saint-Cyr (TRAIN N RER C TRAIN U TRAM 13),2.072571898763105,48.79878317825425
775,Saint-Denis (TRAM 8 RER D TRAM 1 TRAIN H),2.346385516563803,48.9350832148792
776,Saint-Denis Porte de Paris (METRO 13 TRAM 8),2.356663932527627,48.929876157609016
777,Saint-Denis Université (Paris 8) (METRO 13),2.3646364825042268,48.9458672712219
778,Saint-Fargeau (RER D METRO 3bis),2.4735621960925545,48.718587190662774
779,Saint-François Xavier (METRO 13),2.3144081214724865,48.851441706519495
780,Saint-Georges (METRO 12),2.3378575103810166,48.87817339013579
781,Saint-Germain-des-Prés (METRO 4),2.3337761382184667,48.85371893307937
782,Saint-Germain-en-Laye (RER A TRAM 13),2.095025186066546,48.8998949518586
783,Saint-Gratien (RER C),2.285930718208942,48.96358968395257
784,Saint-Jacques (METRO 6),2.3371351933439004,48.83290081473939
785,Saint-Julien du Sault (GL),3.30278746506885,48.02663600113672
786,Saint-Leu-d'Esserent (TRAIN H),2.417033174921132,49.213790802618604
787,Saint-Leu-la-Forêt (TRAIN H),2.242838660564836,49.015319150956344
788,Saint-Mammès (TRAIN R),2.816578770848898,48.382689434085286
789,Saint-Mandé (METRO 1),2.4187597866986716,48.846423076366186
790,Saint-Marcel (METRO 5),2.3609671676988553,48.83842729604672
791,Saint-Martin d'Étampes (RER C),2.145246592903116,48.427362583261896
792,Saint-Maur-des-Fossés - Créteil (RER A),2.4727204038021706,48.80620002384278
793,Saint-Michel Notre-Dame (RER C RER B METRO 4),2.344198487725545,48.852939921826305
794,Saint-Michel-sur-Orge (RER C),2.306833164014825,48.63587586041816
795,Saint-Nom-la-Bretèche Forêt de Marly (TRAIN L TRAM 13),2.051053999866575,48.86765818338601
796,Saint-Ouen (RER C METRO 14),2.3221849789465026,48.904531404317154
797,Saint-Ouen-l'Aumône (RER C TRAIN H),2.1051107034445073,49.04531164742989
798,Saint-Ouen-l'Aumône Liesse (RER C TRAIN H),2.1282638739236726,49.03398763535105
799,Saint-Ouen-l'Aumône Quartier de l'Église (TRAIN J),2.103461593344873,49.038963524019934
800,Saint-Paul (Le Marais) (METRO 1),2.3609564900238285,48.855236251881564
801,Saint-Philippe du Roule (METRO 9),2.310018932408274,48.872045861806505
802,Saint-Piat (GL),1.5900790461663163,48.54266517077003
803,Saint-Placide (METRO 4),2.3267927850276813,48.8468782379306
804,Saint-Quentin en Yvelines - Montigny-le-Bretonneux (TRAIN N RER C TRAIN U),2.044621988534177,48.78739023737062
805,Saint-Rémy-lès-Chevreuse (RER B),2.0712428463205783,48.70275104115615
806,Saint-Sulpice (METRO 4),2.330700709954214,48.85107136945117
807,Saint-Sébastien Froissart (METRO 8),2.3672108677856154,48.8611688636749
808,Sainte-Colombe Septveilles (TRAIN P),3.2553681500250122,48.529148965905115
809,Sainte-Geneviève-des-Bois (RER C),2.312736251060263,48.65281140052141
810,Sannois (TRAIN J),2.263830527175666,48.97098803346417
811,Santeuil - Le Perchay (TRAIN J),1.9493326802800404,49.12345185312916
812,Sarcelles - Saint-Brice (TRAIN H),2.368684562796334,48.99600682957346
813,Sartrouville (TRAIN L RER A),2.157086496469817,48.93773606249396
814,Savigny-le-Temple - Nandy (RER D),2.583947711061251,48.59556383707042
815,Savigny-sur-Orge (RER C),2.352481401048997,48.67644665607652
816,Sceaux (RER B),2.297647677794034,48.781356720402194
817,Sens (GL),3.2673712003347655,48.198362341376935
818,Sentier (METRO 3),2.346552336353211,48.86751302407767
819,Sermaise (RER C),2.0693815248874716,48.535806508322246
820,Seugy (TRAIN H),2.3997248525189114,49.11902264538447
821,Sevran - Livry (RER B),2.5347149747425237,48.93628018473114
822,Sevran Beaudottes (RER B),2.5247790470568616,48.94689391022429
823,Simplon (METRO 4),2.3474307799602054,48.89434384792168
824,Soleil Levant (TRAM 6),2.263389166015155,48.79033300100723
825,Solférino (METRO 12),2.323167611246744,48.858499122795564
826,Souppes - Château-Landon (TRAIN R),2.736249842909681,48.18093685484902
827,Square de Geyter (TRAM 8),2.3527019843863393,48.932051821792356
828,Stade Charléty - Porte de Gentilly (TRAM 3a),2.3458035812044917,48.819500508987595
829,Stade Géo André (TRAM 1),2.4020734129969097,48.924375142509625
830,Stade de France Saint-Denis (RER D),2.3503895378897677,48.917567175663955
831,Stains la Cerisaie (TRAM 11),2.3917951396342727,48.954730747559836
832,Stalingrad (METRO 5 METRO 2 METRO 7),2.3675914801417957,48.88446935417543
833,Strasbourg - Saint-Denis (METRO 8 METRO 9 METRO 4),2.3540354667646564,48.86947775144239
834,Sucy - Bonneuil (RER A),2.5074826457143136,48.7717079060433
835,Sully Morland (METRO 7),2.3615249655078383,48.85162059004817
836,Suresnes - Longchamp (TRAM 2),2.2214106026180156,48.86823878392577
837,Suresnes Mont Valérien (TRAIN U TRAIN L),2.2210295504311297,48.87171419023579
838,Survilliers - Fosses (RER D),2.5255317139920535,49.09958693827347
839,Suzanne Lenglen (TRAM 2),2.276854976410801,48.83331427056053
840,Suzanne Valadon (TRAM 5),2.358742504475762,48.9591210973967
841,Sèvres - Ville-d'Avray (TRAIN L TRAIN U),2.200721257947835,48.82723877448862
842,Sèvres Babylone (METRO 10 METRO 12),2.326462440860843,48.85139690094656
843,Sèvres Lecourbe (METRO 6),2.309531491460944,48.84562696582634
844,Sèvres Rive Gauche (TRAIN N),2.2148597954375493,48.82121703697294
845,Ségur (METRO 10),2.30740224061964,48.847066132231625
846,Séverine (TRAM 3b),2.4089789397445083,48.86752135629396
847,Tacoignières - Richebourg (TRAIN N),1.669010161365564,48.82942901440789
848,Taverny (TRAIN H),2.2223226926705846,49.024960793892625
849,Temple (METRO 3),2.360803503275269,48.8665144608222
850,Ternes (METRO 2),2.2983103737615287,48.877972700498795
851,Thieux - Nantouillet (TRAIN K),2.680252455973217,49.00811401682239
852,Thomery (TRAIN R),2.764028188787889,48.39430843783657
853,Thun le Paradis (TRAIN J),1.9192371117313654,49.0067002768212
854,Théâtre Gérard Philippe / Eglise Neuve (TRAM 1),2.3504000185400655,48.93750989552102
855,Timbaud (TRAM 1 TRAM 1),2.30095875118113,48.9330904016869
856,Tolbiac (METRO 7),2.3572456507586854,48.826426009954794
857,Torcy (RER A),2.6551300866413143,48.839645516342166
858,Tournan (RER E TRAIN P),2.758824548674894,48.739487206380716
859,Trappes (TRAIN U TRAIN N),2.006566869057666,48.7748028088585
860,Trie-Château (TRAIN J),1.8182711456225622,49.28258723546901
861,Triel-sur-Seine (TRAIN J),2.0059308930685598,48.981071909167845
862,Trilport (TRAIN P),2.9500603827528087,48.96022648981538
863,Trinité d'Estienne d'Orves (METRO 12),2.3331088937605435,48.87633026403884
864,Trocadéro (METRO 9 METRO 6),2.286911665928944,48.863337978011
865,Trois Communes (TRAM 9),2.3993596186120882,48.772988142713245
866,Tuileries (METRO 1),2.330129877112861,48.86434377781312
867,Télégraphe (METRO 11),2.398867596625601,48.87547445575839
868,Us (TRAIN J),1.9705357223217732,49.09965012078817
869,Vaires - Torcy (TRAIN P),2.6375907171679747,48.87520826453394
870,Val d'Argenteuil (TRAIN J),2.232534008705971,48.95065109216966
871,Val d'Europe (RER A),2.772428148255364,48.854824961803956
872,Val de Fontenay (RER E RER A),2.4889319633739753,48.85418253502839
873,Valmondois (TRAIN H),2.201823484236059,49.09107345127054
874,Vaneau (METRO 10),2.3212578628937472,48.84881637244876
875,Vanves - Malakoff (TRAIN N),2.2920618145543177,48.81838763864073
876,Varenne (METRO 13),2.315056637317088,48.85687137832836
877,Vauban (TRAM 6),2.2940912443188286,48.80716984591467
878,Vauboyen (RER C),2.193014615252485,48.758836162791056
879,Vaucelles (TRAIN H),2.2293764883869476,49.02177395532403
880,Vaucresson (TRAIN L),2.152697400276264,48.83664331711109
881,Vaugirard (METRO 12),2.3011075162423964,48.83951658448162
882,Vaux-sur-Seine (TRAIN J),1.9635517702783953,49.00712724630528
883,Vavin (METRO 4),2.3290089262354026,48.842218412692674
884,Verdun - Hoche (TRAM 9),2.4028603221912608,48.76844235795597
885,Verneuil -l'Étang (TRAIN P),2.8251699329703728,48.644373623995556
886,Vernon - Giverny (TRAIN J),1.477856178052856,49.09153773264015
887,Vernou-sur-Seine (TRAIN R),2.8420373888152235,48.38677098651768
888,Vernouillet - Verneuil (TRAIN J),1.9831433520864978,48.98144596848976
889,Versailles Chantiers (RER C TRAIN N TRAIN U),2.1351562241000215,48.79513817844253
890,Versailles Château Rive Gauche (RER C),2.1290438673702554,48.80021557721502
891,Versailles Rive Droite (TRAIN L),2.135087456598118,48.809482262996184
892,Vert Galant (RER B),2.5664480169630006,48.9441810650541
893,Viarmes (TRAIN H),2.368253547610189,49.116627881584776
894,Victor Basch (TRAM 2),2.2295716132741976,48.914047680646405
895,Victor Hugo (METRO 2),2.2853350946861695,48.869798555539916
896,Vigneux-sur-Seine (RER D),2.4138711503513184,48.70812051333978
897,Villabé (RER D),2.461550180897488,48.59281218941942
898,Villaines (TRAIN H),2.3505136376252613,49.07927205406779
899,Villejuif Louis Aragon (METRO 7 TRAM 7),2.3673962752757047,48.787421570576434
900,Villejuif Léo Lagrange (METRO 7),2.363953196602165,48.804688119990445
901,Villeneuve Triage (RER D),2.4386683407782264,48.744500701229676
902,Villeneuve-Saint-Georges (RER D),2.446226445438707,48.73063829196751
903,Villeneuve-la-Guyard (GL),3.0717464537431383,48.342613679242184
904,Villeneuve-le-Roi (RER C),2.426399820474823,48.73983069851549
905,Villeneuve-sur-Yonne (GL),3.2866533026544835,48.085368309535625
906,Villennes-sur-Seine (TRAIN J),1.999603609660236,48.9394868098801
907,Villeparisis - Mitry-le-Neuf (RER B),2.6031353051184487,48.953148386662015
908,Villepinte (RER B),2.5126446278196135,48.96270951237985
909,Villepreux - Les Clayes (TRAIN N),1.992864535155556,48.82365326782841
910,Villetaneuse Université (TRAM 8 TRAM 11),2.342211199439788,48.95966196737934
911,Villiers (METRO 2 METRO 3),2.3147210047461946,48.8810944262455
912,Villiers - Neauphle - Pontchartrain (TRAIN N),1.8775042043136385,48.81532861956982
913,Villiers Montbarbin (TRAIN P),2.8825913226626185,48.863556143414925
914,Villiers-le-Bel - Gonesse - Arnouville (RER D),2.4161874889269837,48.99377714597224
915,Villiers-sur-Marne - Le Plessis-Trévise (RER E),2.5426797940158528,48.823266633203204
916,Vincennes (RER A),2.432434660260661,48.84734036324943
917,Viroflay Rive Droite (TRAIN L TRAM 6),2.168369540695427,48.80559097239579
918,Viroflay Rive Gauche (TRAIN N RER C TRAM 6),2.171249008863929,48.800838178793704
919,Viry-Châtillon (RER D),2.386783798391593,48.6760924330445
920,Vitry-sur-Seine (RER C),2.40271281718153,48.80020939742364
921,Volontaires (METRO 12),2.3079486779742893,48.84150552143923
922,Voltaire (METRO 9),2.3800206442479825,48.85787849394595
923,Vosves (RER D),2.5993042659192627,48.51515145321966
924,Voves (GL),1.6221196174276984,48.27507823176977
925,Vulaines-sur-Seine - Samoreau (TRAIN R),2.752998384995991,48.43050481759946
926,Vélizy 2 (Nord) / Europe Nord (TRAM 6),2.2200095168565332,48.78496976234392
927,Wagram (METRO 3),2.304674440528396,48.88380920031262
928,Watteau - Rondenay (TRAM 9),2.3963579030386173,48.77866969648307
929,Yerres (RER D),2.48424255643507,48.70661093477736
930,École Militaire (METRO 8),2.3064034857365168,48.85489056595776
931,École Vétérinaire de Maisons-Alfort (METRO 8),2.4223761428456223,48.81480300607956
932,Écouen - Ézanville (TRAIN H),2.362222981011115,49.02320637714158
933,Église d'Auteuil (METRO 10),2.2691358727428805,48.84715005388966
934,Église de Pantin (METRO 5),2.4127630445476274,48.89314998483909
935,Égly (RER C),2.223448833583109,48.582724687152286
936,Émerainville - Pontault-Combault (RER E),2.6191944124556534,48.8058407886903
937,Épernon (GL),1.6816457804037124,48.605076276659496
938,Épinay - Villetaneuse (TRAM 11 TRAIN H),2.3284078802913086,48.95855108800251
939,Épinay-sur-Orge (RER C),2.332622929210472,48.66948372428697
940,Épinay-sur-Seine (TRAM 11 TRAM 8 RER C),2.3022143017375116,48.95462905244142
941,Épône - Mézières (TRAIN N TRAIN J),1.8090945087737835,48.96334411183752
942,Éragny - Neuville (TRAIN J),2.090181620991014,49.01768620872899
943,Étampe (RER C),2.1595305875651545,48.43692393671867
944,Étienne Marcel (METRO 4),2.3496175641598405,48.86397247789646
945,Étigny - Véron (GL),3.290315784213702,48.13757876858616
946,Étréchy (RER C),2.1945817005254264,48.49364457757515
947,Évreux Normandie (GL),1.1497406055270256,49.01848664946181
948,Évry (RER D),2.4525733922724497,48.6342683114477
949,Évry - Courcouronnes (RER D),2.430155386011357,48.62590139399501
